{
  "variants": {
    "facing=east": [
      {"model": "block/copper_wall_torch" },
      {"model": "block/copper_wall_torch2" }
    ],
    "facing=north": [
      {"model": "block/copper_wall_torch", "y": 270 },
      {"model": "block/copper_wall_torch2", "y": 270 }
    ],
    "facing=south": [
      {"model": "block/copper_wall_torch", "y": 90 },
      {"model": "block/copper_wall_torch2", "y": 90 }
    ],
    "facing=west": [
      {"model": "block/copper_wall_torch", "y": 180 },
      {"model": "block/copper_wall_torch2", "y": 180 }
    ]
  }
}